Name,Coef
Age,0.22478953343608468
bmi,-0.07877788094742909
SexF,-0.3100779604906887
education,-0.37431009292684575
