Name,Coef
education,0.3707229649560149
SexF,0.0
bmi,-0.02574577867629859
Age,-0.2605226684248113
